{

    "metadata" :
    {
        "formatVersion" : 3.1,
        "sourceFile"    : "house1.obj",
        "generatedBy"   : "OBJConverter",
        "vertices"      : 10,
        "faces"         : 7,
        "normals"       : 0,
        "colors"        : 0,
        "uvs"           : 0,
        "materials"     : 1
    },

    "scale" : 1.000000,

    "materials": [	{
	"DbgColor" : 15658734,
	"DbgIndex" : 0,
	"DbgName" : "None",
	"colorAmbient" : [0.0, 0.0, 0.0],
	"colorDiffuse" : [0.8, 0.8, 0.8],
	"colorSpecular" : [0.8, 0.8, 0.8],
	"illumination" : 2,
	"specularCoef" : 0.0,
	"transparency" : 1.0,
	"transparent" : true
	}],

    "vertices": [-1.000000,-1.000000,1.000000,-1.000000,-1.000000,-1.000000,1.000000,-1.000000,-1.000000,1.000000,-1.000000,1.000000,-1.000000,1.000000,1.000000,-1.000000,1.000000,-1.000000,1.000000,1.000000,-1.000000,1.000000,1.000000,1.000000,-1.000000,2.000000,0.000000,1.000000,2.000000,0.000000],

    "morphTargets": [],

    "morphColors": [],

    "normals": [],

    "colors": [],

    "uvs": [[]],

    "faces": [3,4,8,5,1,0,3,5,6,2,1,0,3,6,9,7,3,0,3,7,4,0,3,0,3,0,1,2,3,0,3,9,6,5,8,0,3,7,9,8,4,0]

}
